<?xml version="1.0" encoding="UTF-8"?>
<component name="file" type="synapse/template" >
    <subComponents>
        <component name="foo-operation">
            <file>foo-template.xml</file>
            <description>sample wso2 connector library</description>
        </component>
         <component name="create">
            <file>filecreate-template.xml</file>
            <description>File creation</description>
        </component>
         <component name="copy">
            <file>filecopy-template.xml</file>
            <description>File copy</description>
        </component>
         <component name="read">
            <file>fileread-template.xml</file>
            <description>File Read</description>
        </component>
         <component name="rename">
            <file>filerename-template.xml</file>
            <description>File Rename</description>
        </component>
          <component name="delete">
            <file>filedelete-template.xml</file>
            <description>File Delete</description>
        </component>
           <component name="append">
            <file>fileappend-template.xml</file>
            <description>File Append</description>
        </component>
          <component name="archives">
            <file>filearchives-template.xml</file>
            <description>File Archive</description>
        </component>
        <component name="search">
            <file>filesearch-template.xml</file>
            <description>File Search</description>
        </component>
        <component name="streamcopy">
            <file>filestreamcopy-template.xml</file>
            <description>File streaming</description>
        </component>
         <component name="vfsstreamcopy">
            <file>filestreamvfscopy-template.xml</file>
            <description>File streaming</description>
        </component>
           <component name="isfileexist">
            <file>fileexists-template.xml</file>
            <description>File streaming</description>
        </component>
    </subComponents>
</component>


