<template xmlns="http://ws.apache.org/ns/synapse" name="vfsstreamcopy">
    <parameter name="file"/>c
     <parameter name="filelocation"/>
      <parameter name="content"/>
        <parameter name="newfilelocation"/>
          
    <sequence>
        <log level="full">
            <property name="file" expression="$func:file" />  
            <property name="filelocation" expression="$func:filelocation" />
              <property name="content" expression="$func:content" />
                  <property name="newfilelocation" expression="$func:newfilelocation" />
             
            
        </log>
        <property name="buffersize" value="200000" />
    	<property name="transport.vfs.Streaming" value="true"/>
       
        <property name="transport.vfs.ActionAfterProcess" value="MOVE"/>
    	<property name="transport.vfs.FileURI" value="file:///home/gayan/file-in"/>
    	<property name="transport.vfs.MoveAfterProcess" value="file:///home/gayan/file-original"/>
        <property name="transport.vfs.MoveAfterFailure" value="file:///home/gayan/file-failure"/>
  		<property name="transport.vfs.Locking" value="enable"/>
    	<property name="transport.vfs.FileNamePattern" value=".*.zip|.*.test"/>
   		<property name="transport.vfs.ContentType" value="chs/binary"/>
  		<property name="transport.vfs.ActionAfterFailure" value="MOVE"/>
    
        
         
       
        <property name="OUT_ONLY" value="true"/>
         <property name="ClientApiNonBlocking"
                   value="true"
                  scope="axis2"
                  action="remove"/>
        	<log>
				<property name="test" value="testing  111......................................"/>
				  <property name="transport.PollInterval" value="15" />
			</log>
        
        <call>
       
			
			<endpoint>
			
                <address uri="vfs:file:///home/gayan/file-out"/>
             
			</endpoint>
		</call>
    </sequence>
</template>
