<template xmlns="http://ws.apache.org/ns/synapse" name="copy">
    <parameter name="file"/>c
     <parameter name="filelocation"/>
      <parameter name="content"/>
    <sequence>
        <log level="full">
            <property name="file" expression="$func:file" />  
            <property name="filelocation" expression="$func:filelocation" />
              <property name="content" expression="$func:content" />
            
            
        </log>
        <class name="org.wso2.carbon.connector.FileCopy" />
    </sequence>
</template>
