<template xmlns="http://ws.apache.org/ns/synapse" name="search">
    <parameter name="file"/>c
     <parameter name="filelocation"/>
      <parameter name="content"/>
       <parameter name="ftpfilelocation"/>
       <parameter name="filepattern"/>
        <parameter name="dirpattern"/>
    <sequence>
        <log level="full">
            <property name="file" expression="$func:file" />  
            <property name="filelocation" expression="$func:filelocation" />
              <property name="content" expression="$func:content" />
              <property name="ftpfilelocation" expression="$func:ftpfilelocation" />
               <property name="filepattern" expression="$func:filepattern" />
               <property name="dirpattern" expression="$func:dirpattern" />
        </log>
        <class name="org.wso2.carbon.connector.FileSearch" />
    </sequence>
</template>
